{
    "name": "external_postalcode_adls",
    "properties": {
        "linkedServiceName": {
            "referenceName": "asadatalake01",
            "type": "LinkedServiceReference"
        },
        "annotations": [],
        "type": "DelimitedText",
        "typeProperties": {
            "location": {
                "type": "AzureBlobFSLocation",
                "fileName": "postalcodes.csv",
                "folderPath": "bronze",
                "fileSystem": "dev"
            },
            "columnDelimiter": ",",
            "escapeChar": "\\",
            "firstRowAsHeader": true,
            "quoteChar": "\""
        },
        "schema": [
            {
                "name": "City",
                "type": "String"
            },
            {
                "name": "State",
                "type": "String"
            },
            {
                "name": "Zip",
                "type": "String"
            },
            {
                "name": "Latitude",
                "type": "String"
            },
            {
                "name": "Longitude",
                "type": "String"
            },
            {
                "name": "Timezone",
                "type": "String"
            },
            {
                "name": "DST",
                "type": "String"
            }
        ]
    },
    "type": "Microsoft.Synapse/workspaces/datasets"
}