{
    "name": "wwi_factpurchase_adls",
    "properties": {
        "linkedServiceName": {
            "referenceName": "asadatalake01",
            "type": "LinkedServiceReference"
        },
        "annotations": [],
        "type": "DelimitedText",
        "typeProperties": {
            "location": {
                "type": "AzureBlobFSLocation",
                "fileName": "wwi-factpurchase.csv",
                "folderPath": "bronze",
                "fileSystem": "dev"
            },
            "columnDelimiter": "|",
            "escapeChar": "\\",
            "firstRowAsHeader": true,
            "quoteChar": ""
        },
        "schema": [
            {
                "name": "Purchase Key",
                "type": "String"
            },
            {
                "name": "Date Key",
                "type": "String"
            },
            {
                "name": "Supplier Key",
                "type": "String"
            },
            {
                "name": "Stock Item Key",
                "type": "String"
            },
            {
                "name": "WWI Purchase Order ID",
                "type": "String"
            },
            {
                "name": "Ordered Outers",
                "type": "String"
            },
            {
                "name": "Ordered Quantity",
                "type": "String"
            },
            {
                "name": "Received Outers",
                "type": "String"
            },
            {
                "name": "Package",
                "type": "String"
            },
            {
                "name": "Is Order Finalized",
                "type": "String"
            },
            {
                "name": "Lineage Key",
                "type": "String"
            }
        ]
    },
    "type": "Microsoft.Synapse/workspaces/datasets"
}