{
    "name": "wwi_dimstockitem_asa",
    "properties": {
        "linkedServiceName": {
            "referenceName": "sqlpool01",
            "type": "LinkedServiceReference"
        },
        "annotations": [],
        "type": "AzureSqlDWTable",
        "schema": [
            {
                "name": "StockItemKey",
                "type": "int",
                "precision": 10
            },
            {
                "name": "WWIStockItemID",
                "type": "int",
                "precision": 10
            },
            {
                "name": "Stock Item",
                "type": "nvarchar"
            },
            {
                "name": "Color",
                "type": "nvarchar"
            },
            {
                "name": "SellingPackage",
                "type": "nvarchar"
            },
            {
                "name": "Buying Package",
                "type": "nvarchar"
            },
            {
                "name": "Brand",
                "type": "nvarchar"
            },
            {
                "name": "Size",
                "type": "nvarchar"
            },
            {
                "name": "LeadTimeDays",
                "type": "int",
                "precision": 10
            },
            {
                "name": "QuantityPerOuter",
                "type": "int",
                "precision": 10
            },
            {
                "name": "IsChillerStock",
                "type": "bit"
            },
            {
                "name": "Barcode",
                "type": "nvarchar"
            },
            {
                "name": "TaxRate",
                "type": "decimal",
                "precision": 18,
                "scale": 3
            },
            {
                "name": "UnitPrice",
                "type": "decimal",
                "precision": 18,
                "scale": 2
            },
            {
                "name": "RecommendedRetailPrice",
                "type": "decimal",
                "precision": 18,
                "scale": 2
            },
            {
                "name": "TypicalWeightPerUnit",
                "type": "decimal",
                "precision": 18,
                "scale": 3
            },
            {
                "name": "ValidFrom",
                "type": "datetime2",
                "scale": 7
            },
            {
                "name": "ValidTo",
                "type": "datetime2",
                "scale": 7
            },
            {
                "name": "LineageKey",
                "type": "int",
                "precision": 10
            }
        ],
        "typeProperties": {
            "schema": "wwi",
            "table": "DimStockItem"
        }
    },
    "type": "Microsoft.Synapse/workspaces/datasets"
}