{
    "name": "wwi_facttransaction_asa",
    "properties": {
        "linkedServiceName": {
            "referenceName": "sqlpool01",
            "type": "LinkedServiceReference"
        },
        "annotations": [],
        "type": "AzureSqlDWTable",
        "schema": [
            {
                "name": "TransactionKey",
                "type": "bigint",
                "precision": 19
            },
            {
                "name": "DateKey",
                "type": "date"
            },
            {
                "name": "CustomerKey",
                "type": "int",
                "precision": 10
            },
            {
                "name": "BillToCustomerKey",
                "type": "int",
                "precision": 10
            },
            {
                "name": "SupplierKey",
                "type": "int",
                "precision": 10
            },
            {
                "name": "TransactionTypeKey",
                "type": "int",
                "precision": 10
            },
            {
                "name": "PaymentMethodKey",
                "type": "int",
                "precision": 10
            },
            {
                "name": "WWICustomerTransaction ID",
                "type": "int",
                "precision": 10
            },
            {
                "name": "WWISupplierTransaction ID",
                "type": "int",
                "precision": 10
            },
            {
                "name": "WWIInvoiceID",
                "type": "int",
                "precision": 10
            },
            {
                "name": "WWIPurchaseOrderID",
                "type": "int",
                "precision": 10
            },
            {
                "name": "SupplierInvoiceNumber",
                "type": "nvarchar"
            },
            {
                "name": "TotalExcludingTax",
                "type": "decimal",
                "precision": 18,
                "scale": 2
            },
            {
                "name": "TaxAmount",
                "type": "decimal",
                "precision": 18,
                "scale": 2
            },
            {
                "name": "TotalIncludingTax",
                "type": "decimal",
                "precision": 18,
                "scale": 2
            },
            {
                "name": "OutstandingBalance",
                "type": "decimal",
                "precision": 18,
                "scale": 2
            },
            {
                "name": "IsFinalized",
                "type": "bit"
            },
            {
                "name": "LineageKey",
                "type": "int",
                "precision": 10
            }
        ],
        "typeProperties": {
            "schema": "wwi",
            "table": "FactTransaction"
        }
    },
    "type": "Microsoft.Synapse/workspaces/datasets"
}